Buildings\
Buildings\DefenseSystem\
Buildings\DefenseSystem\RavenClaymore\
Buildings\DefenseSystem\RavenClaymore\Claymore_east.png
Buildings\DefenseSystem\RavenClaymore\Claymore_north.png
Buildings\DefenseSystem\RavenClaymore\Claymore_south.png
Buildings\DefenseSystem\RavenConcealment\
Buildings\DefenseSystem\RavenConcealment\Tree.png
Buildings\DefenseSystem\RavenDecoy\
Buildings\DefenseSystem\RavenDecoy\DecoyDummy.png
Buildings\DefenseSystem\RavenDefenseWall\
Buildings\DefenseSystem\RavenDefenseWall\RavenRisingWall.png
Buildings\DefenseSystem\RavenDefenseWall\RavenTrapWall.png
Buildings\DefenseSystem\RavenSpecial\
Buildings\DefenseSystem\RavenSpecial\RavenTrapConception.png
Buildings\DefenseSystem\RavenSpecial\RavenTrapLego.png
Buildings\DefenseSystem\RavenTrapGas\
Buildings\DefenseSystem\RavenTrapGas\AnestheticGas.png
Buildings\DefenseSystem\RavenTrapGas\AphrodisiacGas.png
Buildings\DefenseSystem\RavenTrapPhysical\
Buildings\DefenseSystem\RavenTrapPhysical\LegTrap.png
Buildings\FusangRadio\
Buildings\FusangRadio\FusangRadio_east.png
Buildings\FusangRadio\FusangRadio_north.png
Buildings\FusangRadio\FusangRadio_south.png
Buildings\IncenseBurner\
Buildings\IncenseBurner\IncenseBurner.png
Buildings\Production\
Buildings\Production\DuskWorkbench\
Buildings\Production\DuskWorkbench\DuskWorkbench_east.png
Buildings\Production\DuskWorkbench\DuskWorkbench_north.png
Buildings\Production\DuskWorkbench\DuskWorkbench_south.png
Buildings\Production\EmberExtractor\
Buildings\Production\EmberExtractor\Base_east.png
Buildings\Production\EmberExtractor\Base_north.png
Buildings\Production\EmberExtractor\Base_south.png
Buildings\Production\EmberExtractor\Tank_east.png
Buildings\Production\EmberExtractor\Tank_north.png
Buildings\Production\EmberExtractor\Tank_south.png
Buildings\Production\RavenSewingBench\
Buildings\Production\RavenSewingBench\RavenSewingBench_east.png
Buildings\Production\RavenSewingBench\RavenSewingBench_north.png
Buildings\Production\RavenSewingBench\RavenSewingBench_south.png
Buildings\Production\SunRaiserInjector\
Buildings\Production\SunRaiserInjector\SunRaiserInjector.png
Buildings\SoulAltar\
Buildings\SoulAltar\PrimitiveCradle.png
Buildings\SoulAltar\PrimitiveCradle_Full.png
Buildings\SoulAltar\RavenCradle.png
Buildings\SoulAltar\RavenCradle_Full.png
Buildings\SoulAltar\RavenInfuser.png
Buildings\SoulAltar\RavenInjector.png
Buildings\SoulAltar\RavenPylon.png
Buildings\Structure\
Buildings\Structure\RavenWall.png
Buildings\Structure\RavenWall_Atlas.png
Buildings\Structure\RavenWall_Icon.png
Buildings\Structure\RavenWall_m.png
ClAnimation\
ClAnimation\Raven_Fly\
ClAnimation\Raven_Fly\RavenFly_1_east.png
ClAnimation\Raven_Fly\RavenFly_1_north.png
ClAnimation\Raven_Fly\RavenFly_1_south.png
ClAnimation\Raven_Fly\RavenFly_10_east.png
ClAnimation\Raven_Fly\RavenFly_10_north.png
ClAnimation\Raven_Fly\RavenFly_10_south.png
ClAnimation\Raven_Fly\RavenFly_11_east.png
ClAnimation\Raven_Fly\RavenFly_11_north.png
ClAnimation\Raven_Fly\RavenFly_11_south.png
ClAnimation\Raven_Fly\RavenFly_12_east.png
ClAnimation\Raven_Fly\RavenFly_12_north.png
ClAnimation\Raven_Fly\RavenFly_12_south.png
ClAnimation\Raven_Fly\RavenFly_2_east.png
ClAnimation\Raven_Fly\RavenFly_2_north.png
ClAnimation\Raven_Fly\RavenFly_2_south.png
ClAnimation\Raven_Fly\RavenFly_3_east.png
ClAnimation\Raven_Fly\RavenFly_3_north.png
ClAnimation\Raven_Fly\RavenFly_3_south.png
ClAnimation\Raven_Fly\RavenFly_4_east.png
ClAnimation\Raven_Fly\RavenFly_4_north.png
ClAnimation\Raven_Fly\RavenFly_4_south.png
ClAnimation\Raven_Fly\RavenFly_5_east.png
ClAnimation\Raven_Fly\RavenFly_5_north.png
ClAnimation\Raven_Fly\RavenFly_5_south.png
ClAnimation\Raven_Fly\RavenFly_6_east.png
ClAnimation\Raven_Fly\RavenFly_6_north.png
ClAnimation\Raven_Fly\RavenFly_6_south.png
ClAnimation\Raven_Fly\RavenFly_7_east.png
ClAnimation\Raven_Fly\RavenFly_7_north.png
ClAnimation\Raven_Fly\RavenFly_7_south.png
ClAnimation\Raven_Fly\RavenFly_8_east.png
ClAnimation\Raven_Fly\RavenFly_8_north.png
ClAnimation\Raven_Fly\RavenFly_8_south.png
ClAnimation\Raven_Fly\RavenFly_9_east.png
ClAnimation\Raven_Fly\RavenFly_9_north.png
ClAnimation\Raven_Fly\RavenFly_9_south.png
Items\
Items\Apparel\
Items\Apparel\GoldenCrow\
Items\Apparel\Raven\
Items\Apparel\Raven\Casual\
Items\Apparel\Raven\Casual\RavenCasual_Female_east.png
Items\Apparel\Raven\Casual\RavenCasual_Female_north.png
Items\Apparel\Raven\Casual\RavenCasual_Female_south.png
Items\Apparel\Raven\Casual\RavenCasual_Male_east.png
Items\Apparel\Raven\Casual\RavenCasual_Male_north.png
Items\Apparel\Raven\Casual\RavenCasual_Male_south.png
Items\Apparel\Raven\Qipao\
Items\Apparel\Raven\Qipao\RavenQipao_Female_east.png
Items\Apparel\Raven\Qipao\RavenQipao_Female_north.png
Items\Apparel\Raven\Qipao\RavenQipao_Female_south.png
Items\Apparel\Raven\Qipao\RavenQipao_Male_east.png
Items\Apparel\Raven\Qipao\RavenQipao_Male_north.png
Items\Apparel\Raven\Qipao\RavenQipao_Male_south.png
Items\Apparel\Raven\Quju\
Items\Apparel\Raven\Quju\RavenQuju_Female_east.png
Items\Apparel\Raven\Quju\RavenQuju_Female_north.png
Items\Apparel\Raven\Quju\RavenQuju_Female_south.png
Items\Apparel\Raven\Quju\RavenQuju_Icon.png
Items\Apparel\Raven\Quju\RavenQuju_Male_east.png
Items\Apparel\Raven\Quju\RavenQuju_Male_north.png
Items\Apparel\Raven\Quju\RavenQuju_Male_south.png
Items\Apparel\Raven\ShadowCloak.png
Items\Apparel\Raven\ShadowCloak_Female.png
Items\Apparel\Raven\ShadowCloak_Male.png
Items\Food\
Items\Food\FriedRavenEgg.png
Items\Materials\
Items\Materials\Alloys\
Items\Materials\Alloys\CoronaSteel\
Items\Materials\Alloys\CoronaSteel\CoronaSteel_a.png
Items\Materials\Alloys\CoronaSteel\CoronaSteel_b.png
Items\Materials\Alloys\CoronaSteel\CoronaSteel_c.png
Items\Materials\Alloys\DarkfeatherSteel\
Items\Materials\Alloys\DarkfeatherSteel\DarkfeatherSteel_a.png
Items\Materials\Alloys\DarkfeatherSteel\DarkfeatherSteel_b.png
Items\Materials\Alloys\DarkfeatherSteel\DarkfeatherSteel_c.png
Items\Materials\DarkSunLens\
Items\Materials\DarkSunLens\DarkSunLens_a.png
Items\Materials\DarkSunLens\DarkSunLens_b.png
Items\Materials\DarkSunLens\DarkSunLens_c.png
Items\Materials\EmberBlood\
Items\Materials\EmberBlood\EmberBlood_a.png
Items\Materials\EmberBlood\EmberBlood_b.png
Items\Materials\EmberBlood\EmberBlood_c.png
Items\Materials\GoldenFeather\
Items\Materials\GoldenFeather\GoldenFeather_a.png
Items\Materials\GoldenFeather\GoldenFeather_b.png
Items\Materials\GoldenFeather\GoldenFeather_c.png
Items\Materials\ShatteredSunCore\
Items\Materials\ShatteredSunCore\ShatteredSunCore_a.png
Items\Materials\ShatteredSunCore\ShatteredSunCore_b.png
Items\Materials\ShatteredSunCore\ShatteredSunCore_c.png
Items\Medicine\
Items\Medicine\AphrodisiacExtract.png
Items\Medicine\AphrodisiacExtract\
Items\Medicine\AphrodisiacExtract\AphrodisiacExtract_a.png
Items\Medicine\AphrodisiacExtract\AphrodisiacExtract_b.png
Items\Medicine\AphrodisiacExtract\AphrodisiacExtract_c.png
Items\Medicine\MiracleHeal.png
Items\Medicine\Oxytocin.png
Items\Medicine\RavenSuppository\
Items\Medicine\RavenSuppository\RavenSuppository_a.png
Items\Medicine\RavenSuppository\RavenSuppository_b.png
Items\Medicine\RavenSuppository\RavenSuppository_c.png
Items\Misc\
Items\Misc\DegradationCharm\
Items\Misc\DegradationCharm\TalismanOfCorruption_Item.png
Items\Misc\DegradationCharm\TalismanOfCorruption_OnHead.png
Items\Misc\MasturbatorCup\
Items\Misc\MasturbatorCup\MasturbatorCup.png
Items\Relics\
Items\Relics\MastersBrush.png
Items\Relics\MiliraPriceTag.png
Items\Relics\MysteriousMilk.png
Items\Relics\RatkinStatue.png
Items\Relics\WolfeinPillow.png
Items\Resource\
Items\Resource\DivineMilk.png
Items\Resource\RavenSpiritEgg.png
Items\Resource\SevenEmotionsNectar.png
Items\Weapons\
Items\Weapons\Raven\
Items\Weapons\Raven\BlackMistGrenade.png
Items\Weapons\Raven\RavenBlowgun.png
Items\Weapons\Raven\RavenHiddenBlade.png
Items\Weapons\Raven\RavenSilentSniper.png
Items\Weapons\Raven\RavenSpiritBeads.png
Plants\
Plants\SevenEmotionsHerb\
Plants\SevenEmotionsHerb\SevenEmotionsHerb.png
Races\
Races\Raven\
Races\Raven\Body\
Races\Raven\Body\RavenBody_east.png
Races\Raven\Body\RavenBody_Female_east.png
Races\Raven\Body\RavenBody_Female_north.png
Races\Raven\Body\RavenBody_Female_south.png
Races\Raven\Body\RavenBody_Male_east.png
Races\Raven\Body\RavenBody_Male_north.png
Races\Raven\Body\RavenBody_Male_south.png
Races\Raven\Body\RavenBody_north.png
Races\Raven\Body\RavenBody_south.png
Races\Raven\Ear\
Races\Raven\Ear\RavenEar_Back_east.png
Races\Raven\Ear\RavenEar_Back_north.png
Races\Raven\Ear\RavenEar_Back_south.png
Races\Raven\Ear\RavenEar_BackCover_north.png
Races\Raven\Ear\RavenEar_Base_east.png
Races\Raven\Ear\RavenEar_Base_north.png
Races\Raven\Ear\RavenEar_Base_south.png
Races\Raven\Hair\
Races\Raven\Hair\RavenHair_A_Back_east.png
Races\Raven\Hair\RavenHair_A_Back_north.png
Races\Raven\Hair\RavenHair_A_Back_south.png
Races\Raven\Hair\RavenHair_A_Back_west.png
Races\Raven\Hair\RavenHair_A_east.png
Races\Raven\Hair\RavenHair_A_north.png
Races\Raven\Hair\RavenHair_A_south.png
Races\Raven\Hair\RavenHair_A_west.png
Races\Raven\Hair\Transparent.png
Races\Raven\Hair\Transparent_south.png
Races\Raven\Head\
Races\Raven\Head\Blank\
Races\Raven\Head\Blank\RavenHead_Blank_east.png
Races\Raven\Head\Blank\RavenHead_Blank_north.png
Races\Raven\Head\Blank\RavenHead_Blank_south.png
Races\Raven\Head\Face\
Races\Raven\Head\Face\RavenFace_east.png
Races\Raven\Head\Face\RavenFace_north.png
Races\Raven\Head\Face\RavenFace_south.png
Races\Raven\Special\
Races\Raven\Special\Binah\
Races\Raven\Special\Binah\Abilities\
Races\Raven\Special\Binah\Abilities\Fairy.png
Races\Raven\Special\Binah\Abilities\LockChain.png
Races\Raven\Special\Binah\Abilities\Pillar1.png
Races\Raven\Special\Binah\Abilities\Pillar2.png
Races\Raven\Special\Binah\Abilities\Pillar3.png
Races\Raven\Special\Binah\Abilities\Pillar4.png
Races\Raven\Special\Binah\Abilities\PillarAttack.png
Races\Raven\Special\Binah\Abilities\Shockwave.png
Races\Raven\Special\Binah\Apparel\
Races\Raven\Special\Binah\Apparel\Binah_Apparel_east.png
Races\Raven\Special\Binah\Apparel\Binah_Apparel_north.png
Races\Raven\Special\Binah\Apparel\Binah_Apparel_south.png
Races\Raven\Special\Binah\Eardrop\
Races\Raven\Special\Binah\Eardrop\Eardrop_east.png
Races\Raven\Special\Binah\Eardrop\Eardrop_north.png
Races\Raven\Special\Binah\Eardrop\Eardrop_south.png
Races\Raven\Special\Binah\Face\
Races\Raven\Special\Binah\Face\Binah_Face_east.png
Races\Raven\Special\Binah\Face\Binah_Face_north.png
Races\Raven\Special\Binah\Face\Binah_Face_south.png
Races\Raven\Special\ZuoYao\
Races\Raven\Special\ZuoYao\Apparel\
Races\Raven\Special\ZuoYao\Apparel\ZuoYao_Apparel_east.png
Races\Raven\Special\ZuoYao\Apparel\ZuoYao_Apparel_north.png
Races\Raven\Special\ZuoYao\Apparel\ZuoYao_Apparel_south.png
Races\Raven\Special\ZuoYao\Glasses\
Races\Raven\Special\ZuoYao\Glasses\Glasses_east.png
Races\Raven\Special\ZuoYao\Glasses\Glasses_north.png
Races\Raven\Special\ZuoYao\Glasses\Glasses_south.png
Races\Raven\Special\ZuoYao\Hair\
Races\Raven\Special\ZuoYao\Hair\ZuoYao_Hair_Back_east.png
Races\Raven\Special\ZuoYao\Hair\ZuoYao_Hair_Back_north.png
Races\Raven\Special\ZuoYao\Hair\ZuoYao_Hair_Back_south.png
Races\Raven\Special\ZuoYao\Hair\ZuoYao_Hair_east.png
Races\Raven\Special\ZuoYao\Hair\ZuoYao_Hair_north.png
Races\Raven\Special\ZuoYao\Hair\ZuoYao_Hair_south.png
Races\Raven\Special\ZuoYao\Hair\ZuoYao_Hair_west.png
Races\Raven\Tattoo\
Races\Raven\Tattoo\Womb\
Races\Raven\Tattoo\Womb\Womb_Female_east.png
Races\Raven\Tattoo\Womb\Womb_Female_north.png
Races\Raven\Tattoo\Womb\Womb_Female_south.png
Races\Raven\Tattoo\Womb\Womb_Male_east.png
Races\Raven\Tattoo\Womb\Womb_Male_north.png
Races\Raven\Tattoo\Womb\Womb_Male_south.png
Races\Raven\Wing\
Races\Raven\Wing\RavenWing_LayerA_east.png
Races\Raven\Wing\RavenWing_LayerA_north.png
Races\Raven\Wing\RavenWing_LayerA_south.png
Races\Raven\Wing\RavenWing_LayerB_east.png
Races\Raven\Wing\RavenWing_LayerB_north.png
Races\Raven\Wing\RavenWing_LayerB_south.png
Races\Raven\Wing\RavenWing_LayerC_east.png
Races\Raven\Wing\RavenWing_LayerC_north.png
Races\Raven\Wing\RavenWing_LayerC_south.png
Terrain\
Terrain\Surfaces\
Terrain\Surfaces\RavenTile.png
UI\
UI\Abilities\
UI\Abilities\Raven_Ability_ForceLovin.png
UI\Abilities\Raven_Ability_Kotoamatsukami.png
UI\Abilities\Raven_GrandClimax.png
UI\Commands\
UI\Commands\Raven_InsertBeads.png
UI\Commands\WatchAV_Toggle.png
UI\Espionage\
UI\Espionage\Official_Frame_Hostile.png
UI\Espionage\Official_Frame_Normal.png
UI\Espionage\Official_Frame_Turncoat.png
UI\Espionage\Official_Unknown.png
UI\Espionage\SpyState_Idle.png
UI\Espionage\SpyState_Infiltrating.png
UI\Espionage\SpyState_Mission.png
UI\Fusang\
UI\Fusang\Icon_Influence.png
UI\Fusang\Icon_Intel.png
UI\Fusang\Icon_Military.png
UI\Fusang\Icon_Supplies.png
UI\Fusang\LeaderPortrait.png
UI\Icons\
UI\Icons\HeartIcon.png
UI\Icons\Rituals\
UI\Icons\Rituals\Raven_Ritual_Absorption.png
UI\Ideoligions\
UI\Ideoligions\Cultures\
UI\Ideoligions\Cultures\RavenCulture.png
UI\Ideoligions\Memes\
UI\Ideoligions\Memes\GoldenCrowFaith.png
UI\Ideoligions\Memes\StructureGoldenCrow.png
UI\Operator\
UI\Operator\Collection\
UI\Operator\Collection\Locked.png
UI\Operator\Collection\Underwear_LaceTemptation.png
UI\Operator\Collection\Underwear_MidnightWhisper.png
UI\Operator\Collection\Underwear_PurePledge.png
UI\Operator\IconCollection.png
UI\Operator\IconGift.png
UI\Operator\IconReward.png
UI\Operator\ZuoYao\
UI\Operator\ZuoYao\Favor_0\
UI\Operator\ZuoYao\Favor_0\Operator_ZuoYao_Favor0_Disgusted.png
UI\Operator\ZuoYao\Favor_0\Operator_ZuoYao_Favor0_Disgusted_Annoyed.png
UI\Operator\ZuoYao\Favor_0\Operator_ZuoYao_Favor0_Disgusted_Blush.png
UI\Operator\ZuoYao\Favor_0\Operator_ZuoYao_Favor0_Disgusted_Blush_Annoyed.png
UI\Operator\ZuoYao\Favor_0\Operator_ZuoYao_Favor0_Disgusted_Covered.png
UI\Operator\ZuoYao\Favor_0\Operator_ZuoYao_Favor0_Disgusted_Covered_Annoyed.png
UI\Operator\ZuoYao\Favor_0\Operator_ZuoYao_Favor0_Disgusted_Covered_Blush.png
UI\Operator\ZuoYao\Favor_0\Operator_ZuoYao_Favor0_Disgusted_Covered_Blush_Annoyed.png
UI\Operator\ZuoYao\Favor_0\Operator_ZuoYao_Favor0_Licking.png
UI\Operator\ZuoYao\Favor_0\Operator_ZuoYao_Favor0_Licking_Annoyed.png
UI\Operator\ZuoYao\Favor_0\Operator_ZuoYao_Favor0_Licking_Blush.png
UI\Operator\ZuoYao\Favor_0\Operator_ZuoYao_Favor0_Licking_Blush_Annoyed.png
UI\Operator\ZuoYao\Favor_0\Operator_ZuoYao_Favor0_Licking_Covered.png
UI\Operator\ZuoYao\Favor_0\Operator_ZuoYao_Favor0_Licking_Covered_Annoyed.png
UI\Operator\ZuoYao\Favor_0\Operator_ZuoYao_Favor0_Licking_Covered_Blush.png
UI\Operator\ZuoYao\Favor_0\Operator_ZuoYao_Favor0_Licking_Covered_Blush_Annoyed.png
UI\Operator\ZuoYao\Favor_0\Operator_ZuoYao_Favor0_Pursed.png
UI\Operator\ZuoYao\Favor_0\Operator_ZuoYao_Favor0_Pursed_Annoyed.png
UI\Operator\ZuoYao\Favor_0\Operator_ZuoYao_Favor0_Pursed_Blush.png
UI\Operator\ZuoYao\Favor_0\Operator_ZuoYao_Favor0_Pursed_Blush_Annoyed.png
UI\Operator\ZuoYao\Favor_0\Operator_ZuoYao_Favor0_Pursed_Covered.png
UI\Operator\ZuoYao\Favor_0\Operator_ZuoYao_Favor0_Pursed_Covered_Annoyed.png
UI\Operator\ZuoYao\Favor_0\Operator_ZuoYao_Favor0_Pursed_Covered_Blush.png
UI\Operator\ZuoYao\Favor_0\Operator_ZuoYao_Favor0_Pursed_Covered_Blush_Annoyed.png
UI\Operator\ZuoYao\Favor_0\Operator_ZuoYao_Favor0_Unhappy.png
UI\Operator\ZuoYao\Favor_0\Operator_ZuoYao_Favor0_Unhappy_Annoyed.png
UI\Operator\ZuoYao\Favor_0\Operator_ZuoYao_Favor0_Unhappy_Blush.png
UI\Operator\ZuoYao\Favor_0\Operator_ZuoYao_Favor0_Unhappy_Blush_Annoyed.png
UI\Operator\ZuoYao\Favor_0\Operator_ZuoYao_Favor0_Unhappy_Covered.png
UI\Operator\ZuoYao\Favor_0\Operator_ZuoYao_Favor0_Unhappy_Covered_Annoyed.png
UI\Operator\ZuoYao\Favor_0\Operator_ZuoYao_Favor0_Unhappy_Covered_Blush.png
UI\Operator\ZuoYao\Favor_0\Operator_ZuoYao_Favor0_Unhappy_Covered_Blush_Annoyed.png
UI\Operator\ZuoYao\Favor_0\Operator_ZuoYao_Favor0_Unpleased.png
UI\Operator\ZuoYao\Favor_0\Operator_ZuoYao_Favor0_Unpleased_Annoyed.png
UI\Operator\ZuoYao\Favor_0\Operator_ZuoYao_Favor0_Unpleased_Blush.png
UI\Operator\ZuoYao\Favor_0\Operator_ZuoYao_Favor0_Unpleased_Blush_Annoyed.png
UI\Operator\ZuoYao\Favor_0\Operator_ZuoYao_Favor0_Unpleased_Covered.png
UI\Operator\ZuoYao\Favor_0\Operator_ZuoYao_Favor0_Unpleased_Covered_Annoyed.png
UI\Operator\ZuoYao\Favor_0\Operator_ZuoYao_Favor0_Unpleased_Covered_Blush.png
UI\Operator\ZuoYao\Favor_0\Operator_ZuoYao_Favor0_Unpleased_Covered_Blush_Annoyed.png
UI\Storyteller\
UI\Storyteller\ZuoYao_Teller.png
UI\Storyteller\ZuoYao_TellerTiny.png
World\
World\Factions\
World\Factions\FusangFaction.png
